﻿<?xml version="1.0" encoding="utf-8"?>
<RefactoringReport xmlns:xsi="http://www.w3.org/2001/XMLSchema-instance" xmlns:xsd="http://www.w3.org/2001/XMLSchema" xmlns:dns="http://schemas.microsoft.com/VisualStudio/2006/DatabaseRefactoringReport" xmlns="http://schemas.microsoft.com/VisualStudio/2006/DatabaseRefactoringReport">
  <RefactorOperation dns:type="RenameRefactorOperationReport" OperationName="Rename Refactor" FileName="C:\Work\TestVstsDb\TestVstsDb\Schema Objects\Tables\AuctionBed.table.sql" Project="C:\Work\TestVstsDb\TestVstsDb\TestVstsDb.dbproj" ChangeDateTime="20060926 014312927">
    <OriginalName>"AuctionBed"</OriginalName>
    <NewName>Bed</NewName>
    <OriginalObject>[dbo].[AuctionBed]</OriginalObject>
    <SchemaType>Table</SchemaType>
    <AllReferences>
      <References Type="Schema Objects">
        <Reference dns:type="SchemaObjectReference" Name="[dbo].[AuctionBed].[AuctionBed_Auction_FK]" Type="ForeignKeyConstraint" FileName="C:\Work\TestVstsDb\TestVstsDb\Schema Objects\Tables\Keys\AuctionBed.AuctionBed_Auction_FK.fkey.sql" />
        <Reference dns:type="SchemaObjectReference" Name="[dbo].[AuctionBed].[AuctionBed_PK]" Type="PrimaryKeyConstraint" FileName="C:\Work\TestVstsDb\TestVstsDb\Schema Objects\Tables\Keys\AuctionBed.AuctionBed_PK.pkey.sql" />
        <Reference dns:type="SchemaObjectReference" Name="[dbo].[AuctionBed].[AuctionBed_Products_FK1]" Type="ForeignKeyConstraint" FileName="C:\Work\TestVstsDb\TestVstsDb\Schema Objects\Tables\Keys\AuctionBed.AuctionBed_Products_FK1.fkey.sql" />
        <Reference dns:type="SchemaObjectReference" Name="[dbo].[AddAuctionBet]" Type="Procedure" FileName="C:\Work\TestVstsDb\TestVstsDb\Schema Objects\Stored Procedures\AddAuctionBet.proc.sql" />
      </References>
      <References Type="Data Generation Plans">
        <Reference FileName="C:\Work\TestVstsDb\TestVstsDb\Data Generation Plans\GenerateTestData.dgen" />
      </References>
    </AllReferences>
  </RefactorOperation>
</RefactoringReport>