<?xml version="1.0" encoding="UTF-8"?><?xml-stylesheet type='text/xsl' href='_UpgradeReport_Files/UpgradeReport.xslt'?><UpgradeLog>
<Properties><Property Name="Solution" Value="AsyncTaskScenario">
</Property><Property Name="Solution File" Value="M:\Demos\AsyncTaskScenario-VS2010b1\AsyncTaskScenario.sln">
</Property><Property Name="Date" Value="Mittwoch, 29. Juli 2009">
</Property><Property Name="Time" Value="19:16">
</Property><Property Name="Log Number" Value="2">
</Property></Properties><Event ErrorLevel="2" Project="AsyncDemo.ServiceInterfaces" Source="AsyncDemo.ServiceInterfaces\AsyncDemo.ServiceInterfaces.csproj" Description="Project file is not writable: M:\Demos\AsyncTaskScenario-VS2010b1\AsyncDemo.ServiceInterfaces\AsyncDemo.ServiceInterfaces.csproj">
</Event><Event ErrorLevel="0" Project="AsyncDemo.ServiceInterfaces" Source="AsyncDemo.ServiceInterfaces\AsyncDemo.ServiceInterfaces.csproj" Description="Project converted successfully">
</Event><Event ErrorLevel="3" Project="AsyncDemo.ServiceInterfaces" Source="AsyncDemo.ServiceInterfaces\AsyncDemo.ServiceInterfaces.csproj" Description="Converted">
</Event><Event ErrorLevel="2" Project="AsyncDemo.ShipService" Source="AsyncDemo.ShipService\AsyncDemo.ShipService.csproj" Description="Project file is not writable: M:\Demos\AsyncTaskScenario-VS2010b1\AsyncDemo.ShipService\AsyncDemo.ShipService.csproj">
</Event><Event ErrorLevel="0" Project="AsyncDemo.ShipService" Source="AsyncDemo.ShipService\AsyncDemo.ShipService.csproj" Description="Project converted successfully">
</Event><Event ErrorLevel="3" Project="AsyncDemo.ShipService" Source="AsyncDemo.ShipService\AsyncDemo.ShipService.csproj" Description="Converted">
</Event><Event ErrorLevel="2" Project="AsyncDemo.HistoryLogService" Source="AsyncDemo.HistoryLogService\AsyncDemo.HistoryLogService.csproj" Description="Project file is not writable: M:\Demos\AsyncTaskScenario-VS2010b1\AsyncDemo.HistoryLogService\AsyncDemo.HistoryLogService.csproj">
</Event><Event ErrorLevel="0" Project="AsyncDemo.HistoryLogService" Source="AsyncDemo.HistoryLogService\AsyncDemo.HistoryLogService.csproj" Description="Project converted successfully">
</Event><Event ErrorLevel="3" Project="AsyncDemo.HistoryLogService" Source="AsyncDemo.HistoryLogService\AsyncDemo.HistoryLogService.csproj" Description="Converted">
</Event><Event ErrorLevel="2" Project="AsyncDemo.WorkingPosition" Source="AsyncDemo.WorkingPosition\AsyncDemo.WorkingPosition.csproj" Description="Project file is not writable: M:\Demos\AsyncTaskScenario-VS2010b1\AsyncDemo.WorkingPosition\AsyncDemo.WorkingPosition.csproj">
</Event><Event ErrorLevel="0" Project="AsyncDemo.WorkingPosition" Source="AsyncDemo.WorkingPosition\AsyncDemo.WorkingPosition.csproj" Description="Project converted successfully">
</Event><Event ErrorLevel="3" Project="AsyncDemo.WorkingPosition" Source="AsyncDemo.WorkingPosition\AsyncDemo.WorkingPosition.csproj" Description="Converted">
</Event><Event ErrorLevel="2" Project="AsyncDemo.JobLibrary" Source="AsyncDemo.JobLibrary\AsyncDemo.JobLibrary.csproj" Description="Project file is not writable: M:\Demos\AsyncTaskScenario-VS2010b1\AsyncDemo.JobLibrary\AsyncDemo.JobLibrary.csproj">
</Event><Event ErrorLevel="0" Project="AsyncDemo.JobLibrary" Source="AsyncDemo.JobLibrary\AsyncDemo.JobLibrary.csproj" Description="Project converted successfully">
</Event><Event ErrorLevel="3" Project="AsyncDemo.JobLibrary" Source="AsyncDemo.JobLibrary\AsyncDemo.JobLibrary.csproj" Description="Converted">
</Event><Event ErrorLevel="2" Project="AsyncDemo.SimpleBus" Source="AsyncDemo.SimpleBus\AsyncDemo.SimpleBus.csproj" Description="Project file is not writable: M:\Demos\AsyncTaskScenario-VS2010b1\AsyncDemo.SimpleBus\AsyncDemo.SimpleBus.csproj">
</Event><Event ErrorLevel="0" Project="AsyncDemo.SimpleBus" Source="AsyncDemo.SimpleBus\AsyncDemo.SimpleBus.csproj" Description="Project converted successfully">
</Event><Event ErrorLevel="3" Project="AsyncDemo.SimpleBus" Source="AsyncDemo.SimpleBus\AsyncDemo.SimpleBus.csproj" Description="Converted">
</Event><Event ErrorLevel="0" Project="" Source="AsyncTaskScenario.sln" Description="Solution converted successfully">
</Event><Event ErrorLevel="3" Project="" Source="AsyncTaskScenario.sln" Description="Converted">
</Event><Event ErrorLevel="0" Project="AsyncDemo.WorkingPosition" Source="AsyncDemo.WorkingPosition\AsyncDemo.WorkingPosition.csproj" Description="Scan complete: Upgrade not required for project files.">
</Event><Event ErrorLevel="0" Project="AsyncDemo.ShipService" Source="AsyncDemo.ShipService\AsyncDemo.ShipService.csproj" Description="Scan complete: Upgrade not required for project files.">
</Event><Event ErrorLevel="0" Project="AsyncDemo.HistoryLogService" Source="AsyncDemo.HistoryLogService\AsyncDemo.HistoryLogService.csproj" Description="Scan complete: Upgrade not required for project files.">
</Event><Event ErrorLevel="0" Project="AsyncDemo.SimpleBus" Source="AsyncDemo.SimpleBus\AsyncDemo.SimpleBus.csproj" Description="Scan complete: Upgrade not required for project files.">
</Event><Event ErrorLevel="0" Project="AsyncDemo.ServiceInterfaces" Source="AsyncDemo.ServiceInterfaces\AsyncDemo.ServiceInterfaces.csproj" Description="Scan complete: Upgrade not required for project files.">
</Event><Event ErrorLevel="0" Project="AsyncDemo.JobLibrary" Source="AsyncDemo.JobLibrary\AsyncDemo.JobLibrary.csproj" Description="Scan complete: Upgrade not required for project files.">
</Event></UpgradeLog>