<?xml version="1.0" encoding="utf-8" ?>
<!-- _lcid="1033" _version="12.0.3015" _dal="1"   -->
<!-- _LocalBinding   -->

<!-- Insert Workflow.xml Code Snippet here.  To do this:
1) Right click on this page and select "Insert Snippet" (or press Ctrl+K, then X)
2) Select Snippets->SharePoint Workflow->Workflow.xml Code -->

<Elements xmlns="http://schemas.microsoft.com/sharepoint/">
	<Workflow
		 Name="TechEd Workflow"
		 Description="Test TechEd Workflow"
		 Id="{8B32DEB6-56E0-40a0-B90B-4D7DCB9EE62C}"
		 CodeBesideClass="TechEdRealWF.Workflow1" 
		 CodeBesideAssembly="TechEdRealWF, Version=3.0.0.0, Culture=neutral, PublicKeyToken=71414c39c6b38655"
		 TaskListContentTypeId="0x01080100C9C9515DE4E24001905074F980F93160"
		 AssociationUrl="_layouts/CstWrkflIP.aspx"
		 InstantiationUrl="_layouts/IniWrkflIP.aspx"
		 ModificationUrl="_layouts/ModWrkflIP.aspx">

		<Categories/>
		<!-- Tags to specify InfoPath forms for the workflow; delete tags for forms that you do not have -->
		<MetaData>
			<Association_FormURN>urn:schemas-microsoft-com:office:infopath:CustomApprovalAssoc:-myXSD-2006-05-04T17-30-33</Association_FormURN>
			<Instantiation_FormURN>urn:schemas-microsoft-com:office:infopath:CustomApprovalInit:-myXSD-2006-05-04T17-30-33</Instantiation_FormURN>
			<Task0_FormURN>urn:schemas-microsoft-com:office:infopath:CustomApprovalTask:-myXSD-2006-05-04T17-37-47</Task0_FormURN>
			<StatusPageUrl>_layouts/WrkStat.aspx</StatusPageUrl>
		</MetaData>
	</Workflow>
</Elements>

