<?xml version="1.0" encoding="utf-8" ?>
<!-- _lcid="1033" _version="12.0.3015" _dal="1"   -->
<!-- _LocalBinding   -->

<!-- Insert Workflow.xml Code Snippet here.  To do this:
1) Right click on this page and select "Insert Snippet" (or press Ctrl+K, then X)
2) Select Snippets->SharePoint Workflow->Workflow.xml Code -->

<Elements xmlns="http://schemas.microsoft.com/sharepoint/">
	<Workflow
		 Name="Bugs Workflow"
		 Description="Workflow for Bug Requests"
		 Id="{b3c65c21-b02c-42ec-aca1-4a051029a116}"
		 CodeBesideClass="BigDays.BugsWorkflow.BugWorkflow" 
		 CodeBesideAssembly="BigDays.BugsWorkflow, Version=3.0.0.0, Culture=neutral, PublicKeyToken=8688d806208f3b5d"
		 TaskListContentTypeId="0x01080100C9C9515DE4E24001905074F980F93160"
		 AssociationUrl="_layouts/CstWrkflIP.aspx"
		 InstantiationUrl="_layouts/IniWrkflIP.aspx"
		 ModificationUrl="_layouts/ModWrkflIP.aspx">

		<Categories/>
		<!-- Tags to specify InfoPath forms for the workflow; delete tags for forms that you do not have -->
		<MetaData>
			<Association_FormURN>urn:schemas-microsoft-com:office:infopath:Bug-Workflow-Init:-myXSD-2006-04-27T23-34-50</Association_FormURN>
			<Instantiation_FormURN>urn:schemas-microsoft-com:office:infopath:Bug-Workflow-Start:-myXSD-2006-04-27T23-34-50</Instantiation_FormURN>
			<Task0_FormURN>urn:schemas-microsoft-com:office:infopath:Bug-Workflow-ApprovalTask:-myXSD-2006-04-27T23-34-50</Task0_FormURN>
			<Task1_FormURN>urn:schemas-microsoft-com:office:infopath:Bug-Workflow-CompleteTask:-myXSD-2006-04-27T23-34-50</Task1_FormURN>

			<StatusPageUrl>_layouts/WrkStat.aspx</StatusPageUrl>
		</MetaData>
	</Workflow>
</Elements>

