<?xml version="1.0" encoding="utf-8" ?>
<customUI xmlns="http://schemas.microsoft.com/office/2006/01/customui" onLoad="OnLoad">
	<ribbon startFromScratch="false">
		<tabs>
			<tab id="VSTO.Tab" label="Bug Requests" visible="1">
				<group id="VSTO.Group" label="Bug Summary" visible="1">
					<button id="BugSummary" label="Bug Summary" size="large" 
			                getImage="getImage" onAction="ImportBugSummary" />
					<button id="BugDetails" label="Bug Details" size="large"
			                getImage="getImage" onAction="ShowBugList" />
					<gallery id="BugLists" label="Bug List" size="large"
			                 getImage="getImage" getItemImage="getItemImage"
							 getItemCount="getItemCount" getItemLabel="getItemLabel"
							 onAction="BugListsAction" />
				</group>
			</tab>
		</tabs>
	</ribbon>
</customUI>